AgeGroup,AvgLikes,AvgRetweets
Teen,81.77777777777777,26.11111111111111
Senior,78.11428571428571,27.514285714285716
Adult,67.78571428571429,25.482142857142858
