Sentiment,AvgLikes,AvgRetweets
Negative,78.43333333333334,25.866666666666667
Neutral,60.76923076923077,25.884615384615383
Positive,75.75,26.727272727272727
